row,ip,chars,tokens,link
1,10.156.1.40,470497,157124,"https://disk.yandex.ru/i/TU3CbSzQhknYvw"
2,10.156.1.41,470497,157124,"https://disk.yandex.ru/i/TU3CbSzQhknYvw"
3,10.156.1.42,470497,157124,"https://disk.yandex.ru/i/TU3CbSzQhknYvw"
4,10.156.1.43,470497,157124,"https://disk.yandex.ru/i/TU3CbSzQhknYvw"
5,10.156.1.44,470497,157124,"https://disk.yandex.ru/i/TU3CbSzQhknYvw"
6,10.156.1.45,470497,157124,"https://disk.yandex.ru/i/TU3CbSzQhknYvw"
7,10.156.1.82,243649,68539,"https://disk.yandex.ru/i/Y5YFcyRfrSTMgw"
8,10.156.1.83,243649,68539,"https://disk.yandex.ru/i/Y5YFcyRfrSTMgw"
9,10.156.1.105,200697,53860,"https://disk.yandex.ru/i/5yMjUBdT8pMTbw"
10,10.156.1.106,200697,53860,"https://disk.yandex.ru/i/5yMjUBdT8pMTbw"
11,10.156.1.107,200697,53860,"https://disk.yandex.ru/i/5yMjUBdT8pMTbw"
13,10.156.1.209,434546,146015,"https://disk.yandex.ru/i/0NCt_dmb_b-aHw"
14,10.156.1.210,434546,146015,"https://disk.yandex.ru/i/0NCt_dmb_b-aHw"
15,10.156.1.211,434546,146015,"https://disk.yandex.ru/i/0NCt_dmb_b-aHw"
35,10.47.27.10,523897,164964,"https://disk.yandex.ru/i/V-oaKIgYAsXS_w"
36,10.47.27.11,523897,164964,"https://disk.yandex.ru/i/V-oaKIgYAsXS_w"
37,10.47.27.12,523897,164964,"https://disk.yandex.ru/i/V-oaKIgYAsXS_w"
44,10.47.29.11,242767,65908,"https://disk.yandex.ru/i/QA_FG6fCufTdxw"
54,10.47.31.18,835965,248916,"https://disk.yandex.ru/i/bAUC1Ld3jQBo9Q"
55,10.47.31.19,246750,73300,"https://disk.yandex.ru/i/YC2umU4GKHP3uA"
59,10.47.32.20,346217,99691,"https://disk.yandex.ru/i/2Pj21VtQ_ydy1A"
60,10.47.32.21,346217,99691,"https://disk.yandex.ru/i/2Pj21VtQ_ydy1A"
61,10.47.32.30,346217,99691,"https://disk.yandex.ru/i/2Pj21VtQ_ydy1A"
65,10.47.33.19,513480,167403,"https://disk.yandex.ru/i/BrGZJlULwAHtqw"
66,10.47.33.20,513480,167403,"https://disk.yandex.ru/i/BrGZJlULwAHtqw"
67,10.47.33.21,513480,167403,"https://disk.yandex.ru/i/BrGZJlULwAHtqw"
71,10.47.34.20,410899,121884,"https://disk.yandex.ru/i/tp8e6MYQJFNA4w"
72,10.47.34.21,410899,121884,"https://disk.yandex.ru/i/tp8e6MYQJFNA4w"
76,10.47.35.20,736937,228312,"https://disk.yandex.ru/i/zGMaDfSb5Te2_w"
80,10.47.36.20,982234,297156,"https://disk.yandex.ru/i/6x1NBtDkAnfKXQ"
84,10.47.37.20,982234,297156,"https://disk.yandex.ru/i/6x1NBtDkAnfKXQ"
88,10.47.38.20,736937,228312,"https://disk.yandex.ru/i/zGMaDfSb5Te2_w"
92,10.47.39.20,507725,155382,"https://disk.yandex.ru/i/0ybqYE9kX2pE2A"
93,10.47.39.21,507725,155382,"https://disk.yandex.ru/i/0ybqYE9kX2pE2A"
94,10.47.39.22,507725,155382,"https://disk.yandex.ru/i/0ybqYE9kX2pE2A"
98,10.47.40.20,507725,155382,"https://disk.yandex.ru/i/0ybqYE9kX2pE2A"
108,10.47.97.41,475008,158071,"https://disk.yandex.ru/i/PJxCbrSJACLVsQ"
109,10.47.97.42,475008,158071,"https://disk.yandex.ru/i/PJxCbrSJACLVsQ"
119,10.47.129.42,242339,68245,"https://disk.yandex.ru/i/lZrKTepBeU5TnQ"
120,10.47.129.43,242339,68245,"https://disk.yandex.ru/i/lZrKTepBeU5TnQ"
121,10.47.129.44,242339,68245,"https://disk.yandex.ru/i/lZrKTepBeU5TnQ"
127,194.84.13.54,410899,121884,"https://disk.yandex.ru/i/tp8e6MYQJFNA4w"
128,194.84.13.55,410899,121884,"https://disk.yandex.ru/i/tp8e6MYQJFNA4w"
132,194.84.13.67,246750,73300,"https://disk.yandex.ru/i/YC2umU4GKHP3uA"
137,10.47.31.14,359892,103758,"https://disk.yandex.ru/i/Q0qyLdkinXZAzw"
139,10.47.123.73,474321,155621,"https://disk.yandex.ru/i/bzwYC31RG-iBMg"
140,10.47.125.11,231859,62937,"https://disk.yandex.ru/i/QdXi8zp-ZaE9BQ"
141,10.47.125.13,231859,62937,"https://disk.yandex.ru/i/QdXi8zp-ZaE9BQ"
142,10.47.125.14,231859,62937,"https://disk.yandex.ru/i/QdXi8zp-ZaE9BQ"
143,10.47.125.15,231859,62937,"https://disk.yandex.ru/i/QdXi8zp-ZaE9BQ"
144,10.47.125.16,231859,62937,"https://disk.yandex.ru/i/QdXi8zp-ZaE9BQ"
145,10.47.125.18,231859,62937,"https://disk.yandex.ru/i/QdXi8zp-ZaE9BQ"
146,10.47.125.19,231859,62937,"https://disk.yandex.ru/i/QdXi8zp-ZaE9BQ"
147,10.47.125.22,231859,62937,"https://disk.yandex.ru/i/QdXi8zp-ZaE9BQ"
148,10.47.125.25,231859,62937,"https://disk.yandex.ru/i/QdXi8zp-ZaE9BQ"
149,10.47.125.27,231859,62937,"https://disk.yandex.ru/i/QdXi8zp-ZaE9BQ"
150,10.47.125.29,231859,62937,"https://disk.yandex.ru/i/QdXi8zp-ZaE9BQ"
151,10.47.125.34,231859,62937,"https://disk.yandex.ru/i/QdXi8zp-ZaE9BQ"
152,10.47.125.35,231859,62937,"https://disk.yandex.ru/i/QdXi8zp-ZaE9BQ"
153,10.47.125.41,231859,62937,"https://disk.yandex.ru/i/QdXi8zp-ZaE9BQ"
154,10.47.125.42,231859,62937,"https://disk.yandex.ru/i/QdXi8zp-ZaE9BQ"
155,10.47.125.43,231859,62937,"https://disk.yandex.ru/i/QdXi8zp-ZaE9BQ"
156,10.47.125.44,231859,62937,"https://disk.yandex.ru/i/QdXi8zp-ZaE9BQ"
157,10.47.125.46,231859,62937,"https://disk.yandex.ru/i/QdXi8zp-ZaE9BQ"
158,10.47.125.5,474321,155621,"https://disk.yandex.ru/i/bzwYC31RG-iBMg"
159,10.47.125.56,231859,62937,"https://disk.yandex.ru/i/QdXi8zp-ZaE9BQ"
160,10.47.125.60,231859,62937,"https://disk.yandex.ru/i/QdXi8zp-ZaE9BQ"
161,10.47.125.8,231859,62937,"https://disk.yandex.ru/i/QdXi8zp-ZaE9BQ"
162,10.47.126.102,231859,62937,"https://disk.yandex.ru/i/QdXi8zp-ZaE9BQ"
163,10.47.126.103,231859,62937,"https://disk.yandex.ru/i/QdXi8zp-ZaE9BQ"
164,10.47.126.106,231859,62937,"https://disk.yandex.ru/i/QdXi8zp-ZaE9BQ"
165,10.47.126.108,231859,62937,"https://disk.yandex.ru/i/QdXi8zp-ZaE9BQ"
166,10.47.126.115,231859,62937,"https://disk.yandex.ru/i/QdXi8zp-ZaE9BQ"
168,10.47.126.13,474321,155621,"https://disk.yandex.ru/i/bzwYC31RG-iBMg"
169,10.47.126.132,231859,62937,"https://disk.yandex.ru/i/QdXi8zp-ZaE9BQ"
170,10.47.126.21,474321,155621,"https://disk.yandex.ru/i/bzwYC31RG-iBMg"
171,10.47.126.24,231859,62937,"https://disk.yandex.ru/i/QdXi8zp-ZaE9BQ"
172,10.47.126.29,231859,62937,"https://disk.yandex.ru/i/QdXi8zp-ZaE9BQ"
173,10.47.126.52,231859,62937,"https://disk.yandex.ru/i/QdXi8zp-ZaE9BQ"
174,10.47.126.73,231859,62937,"https://disk.yandex.ru/i/QdXi8zp-ZaE9BQ"
175,10.47.126.80,231859,62937,"https://disk.yandex.ru/i/QdXi8zp-ZaE9BQ"
176,10.47.126.85,231859,62937,"https://disk.yandex.ru/i/QdXi8zp-ZaE9BQ"
177,10.47.126.96,231859,62937,"https://disk.yandex.ru/i/QdXi8zp-ZaE9BQ"
178,10.47.127.133,231859,62937,"https://disk.yandex.ru/i/QdXi8zp-ZaE9BQ"
179,10.47.127.136,231859,62937,"https://disk.yandex.ru/i/QdXi8zp-ZaE9BQ"
180,10.47.127.137,231859,62937,"https://disk.yandex.ru/i/QdXi8zp-ZaE9BQ"
181,10.47.127.139,231859,62937,"https://disk.yandex.ru/i/QdXi8zp-ZaE9BQ"
182,10.47.127.143,231859,62937,"https://disk.yandex.ru/i/QdXi8zp-ZaE9BQ"
183,10.47.127.146,231859,62937,"https://disk.yandex.ru/i/QdXi8zp-ZaE9BQ"
184,10.47.127.148,231859,62937,"https://disk.yandex.ru/i/QdXi8zp-ZaE9BQ"
185,10.47.127.150,231859,62937,"https://disk.yandex.ru/i/QdXi8zp-ZaE9BQ"
186,10.47.127.154,231859,62937,"https://disk.yandex.ru/i/QdXi8zp-ZaE9BQ"
187,10.47.127.165,474321,155621,"https://disk.yandex.ru/i/bzwYC31RG-iBMg"
188,10.47.129.194,487044,159174,"https://disk.yandex.ru/d/AinXX0VeYXaVRQ"
189,10.47.129.196,487044,159174,"https://disk.yandex.ru/d/AinXX0VeYXaVRQ"
190,10.47.129.197,487044,159174,"https://disk.yandex.ru/d/AinXX0VeYXaVRQ"
191,10.47.129.198,487044,159174,"https://disk.yandex.ru/d/AinXX0VeYXaVRQ"
192,10.47.129.199,487044,159174,"https://disk.yandex.ru/d/AinXX0VeYXaVRQ"
193,10.47.129.200,487044,159174,"https://disk.yandex.ru/d/AinXX0VeYXaVRQ"
194,10.47.129.201,487044,159174,"https://disk.yandex.ru/d/AinXX0VeYXaVRQ"
195,10.47.129.206,487044,159174,"https://disk.yandex.ru/d/AinXX0VeYXaVRQ"
209,10.47.193.100,494460,147788,"https://disk.yandex.ru/i/0J-xya9LqpTmZQ"
210,10.47.193.106,494460,147788,"https://disk.yandex.ru/i/0J-xya9LqpTmZQ"
211,10.47.193.110,494460,147788,"https://disk.yandex.ru/i/0J-xya9LqpTmZQ"
212,10.47.193.129,494460,147788,"https://disk.yandex.ru/i/0J-xya9LqpTmZQ"
213,10.47.193.130,494460,147788,"https://disk.yandex.ru/i/0J-xya9LqpTmZQ"
214,10.47.193.97,494460,147788,"https://disk.yandex.ru/i/0J-xya9LqpTmZQ"
216,10.47.31.22,359892,103758,"https://disk.yandex.ru/i/Q0qyLdkinXZAzw"